timestamp, memory.used [MiB]
2025/06/04 04:03:24.782, 48483 MiB
2025/06/04 04:03:24.782, 48467 MiB
2025/06/04 04:03:24.782, 48463 MiB
2025/06/04 04:03:24.782, 48642 MiB
2025/06/04 04:03:25.782, 48483 MiB
2025/06/04 04:03:25.783, 48467 MiB
2025/06/04 04:03:25.783, 48463 MiB
2025/06/04 04:03:25.784, 48642 MiB
2025/06/04 04:03:26.784, 48483 MiB
2025/06/04 04:03:26.784, 48467 MiB
2025/06/04 04:03:26.784, 48463 MiB
2025/06/04 04:03:26.784, 48642 MiB
2025/06/04 04:03:27.784, 48483 MiB
2025/06/04 04:03:27.784, 48467 MiB
2025/06/04 04:03:27.784, 48463 MiB
2025/06/04 04:03:27.784, 48642 MiB
2025/06/04 04:03:28.784, 48483 MiB
2025/06/04 04:03:28.898, 48467 MiB
2025/06/04 04:03:28.898, 48463 MiB
2025/06/04 04:03:28.898, 48642 MiB
2025/06/04 04:03:29.898, 48483 MiB
2025/06/04 04:03:29.898, 48467 MiB
2025/06/04 04:03:29.898, 48463 MiB
2025/06/04 04:03:29.898, 48642 MiB
2025/06/04 04:03:30.899, 48483 MiB
2025/06/04 04:03:30.899, 48467 MiB
2025/06/04 04:03:30.899, 48463 MiB
2025/06/04 04:03:30.899, 48642 MiB
2025/06/04 04:03:31.899, 48483 MiB
2025/06/04 04:03:31.899, 48467 MiB
2025/06/04 04:03:31.899, 48463 MiB
2025/06/04 04:03:31.899, 48642 MiB
2025/06/04 04:03:32.899, 48483 MiB
2025/06/04 04:03:32.899, 48467 MiB
2025/06/04 04:03:32.899, 48463 MiB
2025/06/04 04:03:32.899, 48642 MiB
2025/06/04 04:03:33.900, 48483 MiB
2025/06/04 04:03:34.008, 48467 MiB
2025/06/04 04:03:34.133, 48463 MiB
2025/06/04 04:03:34.133, 48642 MiB
2025/06/04 04:03:35.285, 48483 MiB
2025/06/04 04:03:35.285, 48467 MiB
2025/06/04 04:03:35.285, 48463 MiB
2025/06/04 04:03:35.285, 48642 MiB
2025/06/04 04:03:36.285, 48483 MiB
2025/06/04 04:03:36.285, 48467 MiB
2025/06/04 04:03:36.285, 48463 MiB
2025/06/04 04:03:36.285, 48642 MiB
2025/06/04 04:03:37.285, 48483 MiB
2025/06/04 04:03:37.285, 48467 MiB
2025/06/04 04:03:37.285, 48463 MiB
2025/06/04 04:03:37.285, 48642 MiB
2025/06/04 04:03:38.285, 48483 MiB
2025/06/04 04:03:38.286, 48467 MiB
2025/06/04 04:03:38.286, 48463 MiB
2025/06/04 04:03:38.286, 48642 MiB
2025/06/04 04:03:39.286, 48483 MiB
2025/06/04 04:03:39.403, 48467 MiB
2025/06/04 04:03:39.536, 48463 MiB
2025/06/04 04:03:39.703, 48642 MiB
2025/06/04 04:03:40.704, 48483 MiB
2025/06/04 04:03:40.704, 48467 MiB
2025/06/04 04:03:40.704, 48463 MiB
2025/06/04 04:03:40.704, 48642 MiB
2025/06/04 04:03:41.704, 48483 MiB
2025/06/04 04:03:41.704, 48467 MiB
2025/06/04 04:03:41.704, 48463 MiB
2025/06/04 04:03:41.704, 48642 MiB
2025/06/04 04:03:42.705, 48483 MiB
2025/06/04 04:03:42.705, 48467 MiB
2025/06/04 04:03:42.705, 48463 MiB
2025/06/04 04:03:42.705, 48642 MiB
2025/06/04 04:03:43.705, 48483 MiB
2025/06/04 04:03:43.705, 48467 MiB
2025/06/04 04:03:43.705, 48463 MiB
2025/06/04 04:03:43.705, 48642 MiB
2025/06/04 04:03:44.705, 48483 MiB
2025/06/04 04:03:44.798, 48467 MiB
2025/06/04 04:03:44.922, 48463 MiB
2025/06/04 04:03:44.922, 48642 MiB
2025/06/04 04:03:45.923, 48483 MiB
2025/06/04 04:03:45.923, 48467 MiB
2025/06/04 04:03:45.923, 48463 MiB
2025/06/04 04:03:45.923, 48642 MiB
2025/06/04 04:03:46.923, 48483 MiB
2025/06/04 04:03:46.923, 48467 MiB
2025/06/04 04:03:46.923, 48463 MiB
2025/06/04 04:03:46.923, 48642 MiB
2025/06/04 04:03:47.923, 48483 MiB
2025/06/04 04:03:47.923, 48467 MiB
2025/06/04 04:03:47.923, 48463 MiB
2025/06/04 04:03:47.923, 48642 MiB
